{
  "start_times": {
    "2a464a4d-c7c9-4ebf-ae5d-e8e075b2a4d3": 795.7294692498815,
    "8affbe03-8b8c-460f-8ebc-4ebca1042ba5": 818.0765160136763,
    "c62cb528-eba9-43d5-b076-d399996562ef": 819.1255728331354,
    "0d8b34b4-597f-42c7-972b-45a990ac1d6f": 821.1315532037397,
    "fe3aa4bc-56b7-435b-a5c0-c1967e0a6ee7": 933.3907218201368,
    "06c0abd5-d0c3-435c-b4fd-209986138a48": 895.4368658227295,
    "c62818bd-f2d7-43bb-bf8c-d54af5936802": 73.32101386262366,
    "f9818ae7-f16f-4215-8517-f4d019f57afb": 111.4682120327625,
    "95deb468-f7fa-4be3-b348-ff01c01d6b93": 112.37243677667236,
    "aadc5284-8b01-4923-ad76-2ec612f10efc": 114.87224712498974,
    "6766a6e7-cc45-4689-a3e3-d909ab404bc0": 222.09938138988218,
    "96aa993d-937d-4ef8-ad92-b70a44c31b64": 188.04579801271296,
    "882b0a64-3259-43c7-9923-8bc65ab27467": 111.46821203276251,
    "5c9503f7-6500-4d98-8214-f2a2d2548485": 439.7965040881336,
    "d3c34a44-ee1f-4ecd-9dc6-fca21b7e117d": 443.7499930944184,
    "132c553f-1d51-49db-8ca4-6792b8f4a881": 494.05097771710575,
    "cac7ba0e-52fc-4970-884d-f0da094ced73": 692.5458504371236,
    "8380ffec-ccb2-4391-9e54-90b59cd4fe9e": 590.8801692852717,
    "d2df1915-b794-4805-95d7-1bed9c7a5fc2": 414.4746075917671,
    "52dfd7d3-7023-4d03-bc0f-7bcd6b890f99": 418.02217760119265,
    "905261b1-8990-4de3-ab64-422b9d9c891f": 545.7627117097957,
    "e256607c-7fb6-4ef5-87d7-0b60c6825d0b": 508.5118755556301,
    "a9d08d4c-2aac-4855-ad1a-05bfd389d4d2": 12.967887193887012,
    "637806ec-83bd-4b3e-9722-a2872ddf5e16": 131.5875968387688,
    "d01d0cd2-68b9-4321-8efb-2b81735d1bf2": 133.4387107379688,
    "7687e3fa-58e6-499c-aaef-e5363376d924": 176.0963653285269,
    "e300f34f-143b-4879-b865-7d38aedbb9b0": 334.2782917524651,
    "e730131c-586f-4e02-8393-540e4737b8b1": 268.4992050712859,
    "b8f854da-a2e8-44f4-93de-063248c30f1c": 1.3612848035843776,
    "fbba9345-18a1-4df5-abf0-e23e34f7b4ea": 0.0,
    "336d983f-7dc1-4ac3-b49c-f7b7a79e9aa3": 2.6207886718475493,
    "5221116d-0d02-4f13-bdb1-dc0c48953dd8": 134.7657690035573,
    "fa5f494a-d560-42a5-a402-5fc058d238b9": 92.47794294049739,
    "21434693-70bf-4f94-8d85-9e63789c9ad1": 545.7627117097957,
    "2e3eb464-e01d-4644-bbdd-14550a88d9b0": 577.1978132144516,
    "ea3091da-21e4-45ed-995e-f504233754fe": 1036.0366961128152,
    "62673017-a995-4ca5-9cdf-52900cd04df0": 662.3488633589469,
    "b7e9c120-047d-4b17-94b3-3b8a3a40c103": 222.09938138753932,
    "73705b9d-0d90-4024-b750-f170403428cf": 327.51771472262277,
    "328f7a94-aeda-4836-aeb5-0c7b1fa9f61b": 651.7819276894206,
    "010fdca0-96a9-4997-9845-1f557fea9ebc": 540.3287767987396,
    "0eb07695-dffe-4273-b9d9-5e791cd1edb1": 32.05298935733331,
    "24143443-9f11-4e02-b1d2-68fcc5963543": 220.4670685238742,
    "ca2c821c-794b-4b8e-a361-74f085538e88": 224.22615526458276,
    "246220eb-d88b-42c5-be30-1d9bc0889e77": 258.06451090813886,
    "740a7daa-4ede-4b99-8037-fb76c4bb7dce": 414.4746075917671,
    "f9242d5d-7f28-4665-b8b2-eb38fad19fea": 337.6503945710421,
    "bab19b5c-ae57-4bfd-a3d5-f6529b6d9ef9": 933.3907218201368,
    "c9c9fedb-de12-4596-8f87-af2dc29f90f0": 1006.4688100777512,
    "c86bc572-f05a-4596-b021-db0b68c834fb": 1008.4293469173998,
    "4f01bd13-e5ff-424b-9b52-4616b67a9479": 1013.097548215458,
    "e88c1cdd-66ef-4f5d-a51f-21b999253765": 1170.6527083726191,
    "036a0ce1-da57-44ab-a44d-3a9c152b6265": 1100.8665568375338,
    "29699bc1-12c1-437f-a22f-d4cbfecf5626": 681.4402059951501,
    "5d0cd88d-87e6-49ff-aa51-05e2c23abee0": 712.8960329742156,
    "ebb7d2fd-2683-4764-8e76-50d2ab61c664": 714.9594965412178,
    "4fb3b510-60d6-46a5-8b12-13c09e9f6856": 719.2203413616585,
    "88471cef-e0b0-49d7-80c7-4b66382d1420": 844.0941565782213,
    "a103211f-48b8-4f50-8882-259b636b3ec6": 812.9411606680494
  },
  "end_times": {
    "2a464a4d-c7c9-4ebf-ae5d-e8e075b2a4d3": 818.0765160136763,
    "8affbe03-8b8c-460f-8ebc-4ebca1042ba5": 819.1255728331354,
    "c62cb528-eba9-43d5-b076-d399996562ef": 821.1315532037397,
    "0d8b34b4-597f-42c7-972b-45a990ac1d6f": 882.2397318304401,
    "fe3aa4bc-56b7-435b-a5c0-c1967e0a6ee7": 1036.0366961128152,
    "06c0abd5-d0c3-435c-b4fd-209986138a48": 933.3907218201368,
    "c62818bd-f2d7-43bb-bf8c-d54af5936802": 111.4682120327625,
    "f9818ae7-f16f-4215-8517-f4d019f57afb": 112.37243677667236,
    "95deb468-f7fa-4be3-b348-ff01c01d6b93": 114.87224712498974,
    "aadc5284-8b01-4923-ad76-2ec612f10efc": 176.0963653285269,
    "6766a6e7-cc45-4689-a3e3-d909ab404bc0": 334.27829188206465,
    "96aa993d-937d-4ef8-ad92-b70a44c31b64": 222.09938138988218,
    "882b0a64-3259-43c7-9923-8bc65ab27467": 133.47195293191493,
    "5c9503f7-6500-4d98-8214-f2a2d2548485": 443.7499930944184,
    "d3c34a44-ee1f-4ecd-9dc6-fca21b7e117d": 448.7703160537254,
    "132c553f-1d51-49db-8ca4-6792b8f4a881": 577.1978132144516,
    "cac7ba0e-52fc-4970-884d-f0da094ced73": 844.0941565782213,
    "8380ffec-ccb2-4391-9e54-90b59cd4fe9e": 625.0107752117548,
    "d2df1915-b794-4805-95d7-1bed9c7a5fc2": 418.02217760119254,
    "52dfd7d3-7023-4d03-bc0f-7bcd6b890f99": 494.05097771710587,
    "905261b1-8990-4de3-ab64-422b9d9c891f": 651.7819276894206,
    "e256607c-7fb6-4ef5-87d7-0b60c6825d0b": 540.3287767987396,
    "a9d08d4c-2aac-4855-ad1a-05bfd389d4d2": 32.05298935733332,
    "637806ec-83bd-4b3e-9722-a2872ddf5e16": 133.4387107379688,
    "d01d0cd2-68b9-4321-8efb-2b81735d1bf2": 136.63037841910534,
    "7687e3fa-58e6-499c-aaef-e5363376d924": 258.0645109081388,
    "e300f34f-143b-4879-b865-7d38aedbb9b0": 414.4746075917671,
    "e730131c-586f-4e02-8393-540e4737b8b1": 301.14368570879316,
    "b8f854da-a2e8-44f4-93de-063248c30f1c": 2.620788675005315,
    "fbba9345-18a1-4df5-abf0-e23e34f7b4ea": 1.3612848120828858,
    "336d983f-7dc1-4ac3-b49c-f7b7a79e9aa3": 82.32895684330703,
    "5221116d-0d02-4f13-bdb1-dc0c48953dd8": 222.09938140909793,
    "fa5f494a-d560-42a5-a402-5fc058d238b9": 134.7657690035573,
    "21434693-70bf-4f94-8d85-9e63789c9ad1": 549.7381622914812,
    "2e3eb464-e01d-4644-bbdd-14550a88d9b0": 651.2556734849288,
    "ea3091da-21e4-45ed-995e-f504233754fe": 1170.6527083726191,
    "62673017-a995-4ca5-9cdf-52900cd04df0": 700.4805729064979,
    "b7e9c120-047d-4b17-94b3-3b8a3a40c103": 224.22615526458281,
    "73705b9d-0d90-4024-b750-f170403428cf": 414.3326950308204,
    "328f7a94-aeda-4836-aeb5-0c7b1fa9f61b": 692.5458504371237,
    "010fdca0-96a9-4997-9845-1f557fea9ebc": 577.9002632803442,
    "0eb07695-dffe-4273-b9d9-5e791cd1edb1": 73.32101386262366,
    "24143443-9f11-4e02-b1d2-68fcc5963543": 222.09938138753935,
    "ca2c821c-794b-4b8e-a361-74f085538e88": 228.92014338373082,
    "246220eb-d88b-42c5-be30-1d9bc0889e77": 327.51771472262277,
    "740a7daa-4ede-4b99-8037-fb76c4bb7dce": 545.7627117097957,
    "f9242d5d-7f28-4665-b8b2-eb38fad19fea": 368.9147911050947,
    "bab19b5c-ae57-4bfd-a3d5-f6529b6d9ef9": 1006.4688100777511,
    "c9c9fedb-de12-4596-8f87-af2dc29f90f0": 1008.4293469173998,
    "c86bc572-f05a-4596-b021-db0b68c834fb": 1013.097548215458,
    "4f01bd13-e5ff-424b-9b52-4616b67a9479": 1087.6171346486362,
    "e88c1cdd-66ef-4f5d-a51f-21b999253765": 1294.1915924219113,
    "036a0ce1-da57-44ab-a44d-3a9c152b6265": 1140.165982728019,
    "29699bc1-12c1-437f-a22f-d4cbfecf5626": 712.8960329742156,
    "5d0cd88d-87e6-49ff-aa51-05e2c23abee0": 714.9594965412178,
    "ebb7d2fd-2683-4764-8e76-50d2ab61c664": 719.2203413616585,
    "4fb3b510-60d6-46a5-8b12-13c09e9f6856": 801.8389575578459,
    "88471cef-e0b0-49d7-80c7-4b66382d1420": 933.3907218201368,
    "a103211f-48b8-4f50-8882-259b636b3ec6": 844.0941565782211
  },
  "assignments": {
    "2a464a4d-c7c9-4ebf-ae5d-e8e075b2a4d3": "3a17f1c4-44a7-4f90-b4f3-e9e844ad8707",
    "8affbe03-8b8c-460f-8ebc-4ebca1042ba5": "202e6f3f-f9b9-4553-88d8-8496aebf1b07",
    "c62cb528-eba9-43d5-b076-d399996562ef": "202e6f3f-f9b9-4553-88d8-8496aebf1b07",
    "0d8b34b4-597f-42c7-972b-45a990ac1d6f": "2f2d1de8-47df-4e5c-9698-ecd88082c31d",
    "fe3aa4bc-56b7-435b-a5c0-c1967e0a6ee7": "d2fe0248-e1fa-4906-8ca3-42df56e118be",