{
  "start_times": {
    "b75528d7-9468-47f6-a696-17a0f2361d48": 362.9629171114041,
    "76860946-c534-496d-9bb7-d5dd2aa94f8d": 385.3099638751989,
    "a268df7a-00a5-41cd-b7df-dd2a9041d575": 386.35902069465794,
    "9576e81e-586e-49c1-b846-ada329c368ac": 388.3650010652623,
    "c4c3fa80-cc0f-46f1-92df-97dd1f4b39a1": 835.298969507463,
    "f2fd2af1-45dd-4319-94c4-67f18cc10e26": 642.9420760851045,
    "8d217eb2-d7fe-4b41-98f9-8d1bb476ccc9": 19.085102163080137,
    "6e46862b-2eac-4ec9-98c1-ae0e8c37aae8": 289.54033597335103,
    "0488cd50-bd6a-431e-a18b-a45dd4bedd46": 290.4445607172609,
    "4d807b7d-10e6-4724-8052-bc10ac606320": 327.1408828617256,
    "aef63c30-cc2c-4616-91f8-874dbd7a080f": 703.8877281941743,
    "6b8db9c1-7332-45b7-ac54-00c63a763d9c": 399.7401476571083,
    "ef3498c4-63f0-48b1-9285-e46d1925638f": 98.50032483850838,
    "0fb19cc5-0012-4094-82d1-1ec5149490df": 592.5711877370408,
    "76697153-a4b9-4cab-bade-584e15316ffb": 596.5246767433256,
    "860c3991-57a2-460a-9c83-58f5ba30b1b3": 601.5449997026326,
    "172b255e-4ecc-48d2-9125-7ebab0ad04f0": 732.5047971972816,
    "b811ef91-892c-4b0d-ad5d-cdd15cbf1e91": 698.3741912707985,
    "6c95582b-92a1-4dd3-a42f-9a08ffb48744": 227.83452107482702,
    "0c2fc49b-fdf8-4dbb-b46b-de8003273402": 251.1120827458128,
    "016dd16a-b0bc-48b1-9f25-1f7a2203aa59": 384.6473259633045,
    "9f517a7b-7f65-4707-bd7a-59553fc8e220": 352.8304247201951,
    "27678ce4-3bb3-45d6-a7e0-b41ed02db117": 0.0,
    "29e7f2f7-6879-4a29-a425-4005eabc5f2e": 37.8201883682461,
    "0e57d1bc-5b88-4ea8-ae04-4c6400f4aa83": 39.67130226744608,
    "34030b56-f046-4b13-9ffb-763501eb5cc2": 82.32895685800419,
    "a2f75c7f-d8ac-48a6-93ec-da5f82d15abc": 207.3762772382704,
    "a6c3231b-2195-4a37-a73e-d7ad0ce06ccf": 174.73179660076318,
    "c9c9f660-7f6c-429f-b078-6ce052f83c2a": 1.361284815124236,
    "43129f04-6c36-402b-b177-3100c362cd3e": 0.0,
    "bc1f2faa-ba6e-41cb-9f07-ec03ee391645": 2.6207886865451733,
    "7e4f8f73-9b12-4d93-a5e4-20aabf9c606d": 139.8913458040567,
    "6b4d1799-c0f0-4a57-9c9e-d753922fa651": 97.60351974099679,
    "bf117e19-dc90-499f-a97e-6dd33416fde2": 684.6918351999775,
    "d0ed48e2-b294-4070-82a5-fe48ce7f3dce": 759.2114216331557,
    "f8f1796f-5684-4ffc-bc6f-e20b58da6c43": 882.4941813252019,
    "c12c858d-cd78-4ec1-95c9-1b50e08eab70": 844.362471777651,
    "a482a280-3d13-403e-8bd2-b132aac441d5": 162.17032856057216,
    "376a1ffa-7578-4416-9878-5d86d3ba5a71": 164.29710243761565,
    "608fb0fb-28d6-4a47-a7c4-7eebc7918f9f": 342.16499734216785,
    "f6bfcb98-a40e-4181-a35a-3f778f00bbd2": 304.59351086056324,
    "aa578535-577e-4a29-add8-2278b882bfb1": 57.232300333218525,
    "14941ee2-dec5-4a79-97cf-4d54ff226d56": 494.4943535024806,
    "e93ad4f9-715c-4454-ac00-a1d883d4a944": 496.12666636614574,
    "11c909df-6f95-451c-9969-78073ca7c739": 532.0917958881491,
    "a4a62fcc-b731-4394-84c8-89113c30f87f": 642.942076085105,
    "ee234c42-2ebd-4a8d-9776-f7e2203eb233": 611.6776795510524,
    "0d236147-bb58-4aaa-a687-de9a6f391501": 604.9850088046568,
    "5dd825a2-3bfa-416b-9cdc-e4ebdb753533": 678.0630970622711,
    "c8a65d4c-800f-4139-b101-ecd8b951c5ce": 680.0236339019198,
    "f078ddc2-3eb1-4e27-9912-d29cb80553d9": 684.691835199978,
    "ccd7d923-7c4e-431f-8ce4-be31b09107a0": 861.484167031105,
    "cd15af02-61c7-4d89-b909-1f0a02ce1aed": 805.0630458871664,
    "d43287fd-424b-4d54-9650-dc6e5c51ae1b": 411.69304432545374,
    "c173e0ba-5c6f-4a97-868b-5d897d4e85eb": 443.1488713045192,
    "6a7abbb5-39a3-42d5-873e-6730e7c88d44": 445.2123348715215,
    "5174ee55-86d6-4f4b-9513-ee1c5e067aca": 449.4731796919622,
    "9f3d7d80-d4c3-4501-91da-ab7a8ca204a7": 582.2052727735559,
    "25de4fff-4b5f-418a-999f-39b5062ad7c0": 551.0522768633841
  },
  "end_times": {
    "b75528d7-9468-47f6-a696-17a0f2361d48": 385.3099638751989,
    "76860946-c534-496d-9bb7-d5dd2aa94f8d": 386.35902069465794,
    "a268df7a-00a5-41cd-b7df-dd2a9041d575": 388.3650010652623,
    "9576e81e-586e-49c1-b846-ada329c368ac": 449.4731796919626,
    "c4c3fa80-cc0f-46f1-92df-97dd1f4b39a1": 861.4841670311055,
    "f2fd2af1-45dd-4319-94c4-67f18cc10e26": 680.8959320825119,
    "8d217eb2-d7fe-4b41-98f9-8d1bb476ccc9": 57.23230033321897,
    "6e46862b-2eac-4ec9-98c1-ae0e8c37aae8": 290.4445607172609,
    "0488cd50-bd6a-431e-a18b-a45dd4bedd46": 292.9443710655783,
    "4d807b7d-10e6-4724-8052-bc10ac606320": 388.36500106526273,
    "aef63c30-cc2c-4616-91f8-874dbd7a080f": 732.5047971972821,
    "6b8db9c1-7332-45b7-ac54-00c63a763d9c": 433.7937310342775,
    "ef3498c4-63f0-48b1-9285-e46d1925638f": 120.5040657376608,
    "0fb19cc5-0012-4094-82d1-1ec5149490df": 596.5246767433256,
    "76697153-a4b9-4cab-bade-584e15316ffb": 601.5449997026326,
    "860c3991-57a2-460a-9c83-58f5ba30b1b3": 684.6918351999784,
    "172b255e-4ecc-48d2-9125-7ebab0ad04f0": 758.2783186498492,
    "b811ef91-892c-4b0d-ad5d-cdd15cbf1e91": 732.5047971972816,
    "6c95582b-92a1-4dd3-a42f-9a08ffb48744": 231.38209108425244,
    "0c2fc49b-fdf8-4dbb-b46b-de8003273402": 327.140882861726,
    "016dd16a-b0bc-48b1-9f25-1f7a2203aa59": 411.69304432545374,
    "9f517a7b-7f65-4707-bd7a-59553fc8e220": 384.6473259633045,
    "27678ce4-3bb3-45d6-a7e0-b41ed02db117": 19.08510216308059,
    "29e7f2f7-6879-4a29-a425-4005eabc5f2e": 39.67130226744608,
    "0e57d1bc-5b88-4ea8-ae04-4c6400f4aa83": 42.862969948582624,
    "34030b56-f046-4b13-9ffb-763501eb5cc2": 164.2971024376161,
    "a2f75c7f-d8ac-48a6-93ec-da5f82d15abc": 227.83452107482702,
    "a6c3231b-2195-4a37-a73e-d7ad0ce06ccf": 207.3762772382704,
    "c9c9f660-7f6c-429f-b078-6ce052f83c2a": 2.6207886865451733,
    "43129f04-6c36-402b-b177-3100c362cd3e": 1.3612848154152744,
    "bc1f2faa-ba6e-41cb-9f07-ec03ee391645": 82.32895685800464,
    "7e4f8f73-9b12-4d93-a5e4-20aabf9c606d": 162.17032856057216,
    "6b4d1799-c0f0-4a57-9c9e-d753922fa651": 139.8913458040567,
    "bf117e19-dc90-499f-a97e-6dd33416fde2": 688.667285781663,
    "d0ed48e2-b294-4070-82a5-fe48ce7f3dce": 833.269281903633,
    "f8f1796f-5684-4ffc-bc6f-e20b58da6c43": 905.388060961223,
    "c12c858d-cd78-4ec1-95c9-1b50e08eab70": 882.4941813252019,
    "a482a280-3d13-403e-8bd2-b132aac441d5": 164.29710243761565,
    "376a1ffa-7578-4416-9878-5d86d3ba5a71": 251.11208274581327,
    "608fb0fb-28d6-4a47-a7c4-7eebc7918f9f": 362.9629171114041,
    "f6bfcb98-a40e-4181-a35a-3f778f00bbd2": 342.16499734216785,
    "aa578535-577e-4a29-add8-2278b882bfb1": 98.50032483850887,
    "14941ee2-dec5-4a79-97cf-4d54ff226d56": 496.12666636614574,
    "e93ad4f9-715c-4454-ac00-a1d883d4a944": 500.8206544852938,
    "11c909df-6f95-451c-9969-78073ca7c739": 601.544999702633,
    "a4a62fcc-b731-4394-84c8-89113c30f87f": 665.2699849487153,
    "ee234c42-2ebd-4a8d-9776-f7e2203eb233": 642.942076085105,
    "0d236147-bb58-4aaa-a687-de9a6f391501": 678.063097062271,
    "5dd825a2-3bfa-416b-9cdc-e4ebdb753533": 680.0236339019198,
    "c8a65d4c-800f-4139-b101-ecd8b951c5ce": 684.691835199978,
    "f078ddc2-3eb1-4e27-9912-d29cb80553d9": 759.2114216331562,
    "ccd7d923-7c4e-431f-8ce4-be31b09107a0": 882.4941813252024,
    "cd15af02-61c7-4d89-b909-1f0a02ce1aed": 844.3624717776514,
    "d43287fd-424b-4d54-9650-dc6e5c51ae1b": 443.1488713045192,
    "c173e0ba-5c6f-4a97-868b-5d897d4e85eb": 445.2123348715215,
    "6a7abbb5-39a3-42d5-873e-6730e7c88d44": 449.4731796919622,
    "5174ee55-86d6-4f4b-9513-ee1c5e067aca": 532.0917958881496,
    "9f3d7d80-d4c3-4501-91da-ab7a8ca204a7": 604.9850088046568,
    "25de4fff-4b5f-418a-999f-39b5062ad7c0": 582.2052727735559
  },
  "assignments": {
    "b75528d7-9468-47f6-a696-17a0f2361d48": "96b0ae2c-2007-43b4-b966-fe11a2056c72",
    "76860946-c534-496d-9bb7-d5dd2aa94f8d": "405fa79b-629c-444f-9203-9158ba0ca9d7",
    "a268df7a-00a5-41cd-b7df-dd2a9041d575": "405fa79b-629c-444f-9203-9158ba0ca9d7",
    "9576e81e-586e-49c1-b846-ada329c368ac": "78003ba8-078e-4836-bf02-d37fd39154d3",
    "c4c3fa80-cc0f-46f1-92df-97dd1f4b39a1": "8d849902-7228-4086-90e9-9e89e92c5c59",
    "f2fd2af1-45dd-4319-94c4-67f18cc10e26": "2b13b2c2-8a50-482f-a363-5b23358e3fab",